{
  "fold": 1,
  "auc": 0.8597560975609756,
  "precision": 0.875,
  "recall": 0.8536585365853658,
  "confusion_matrix": [
    [
      9,
      5
    ],
    [
      6,
      35
    ]
  ]
}